Portfolio,Date,Week_End,Month,Operator,Brand,marketing_source,NRCs,NDCs,QNDCs,Deposits,Net Revenue,Revshare,CPA,Total Commission
PPC,01/01/2023,01/01/2023 00:00,2023-01,Stake.com,Stake.com,PPC-CAS-CAN-BAD,1,0,0,0,20.33,10.165,0,10.165
PPC,02/01/2023,08/01/2023 00:00,2023-01,Stake.com,Stake.com,PPC-CAS-CAN-BAD,1,0,0,0,77.93,38.965,0,38.965
PPC,03/01/2023,08/01/2023 00:00,2023-01,Stake.com,Stake.com,PPC-CAS-CAN-BAD,2,0,0,0,487.77,243.885,0,243.885
PPC,04/01/2023,08/01/2023 00:00,2023-01,Stake.com,Stake.com,PPC-CAS-CAN-BAD,7,4,4,0,20.25,10.125,600,610.125
PPC,05/01/2023,08/01/2023 00:00,2023-01,Stake.com,Stake.com,PPC-CAS-CAN-BAD,3,0,0,0,107.19,53.595,0,53.595
PPC,06/01/2023,08/01/2023 00:00,2023-01,Stake.com,Stake.com,PPC-CAS-CAN-BAD,0,0,0,0,123.9,61.95,0,61.95
PPC,07/01/2023,08/01/2023 00:00,2023-01,Stake.com,Stake.com,PPC-CAS-CAN-BAD,3,2,2,0,343.9,171.95,300,471.95
PPC,08/01/2023,08/01/2023 00:00,2023-01,Stake.com,Stake.com,PPC-CAS-CAN-BAD,3,2,2,0,22.82,11.41,300,311.41
PPC,09/01/2023,15/01/2023 00:00,2023-01,Stake.com,Stake.com,PPC-CAS-CAN-BAD,3,2,2,0,-235.95,-117.975,300,182.025
PPC,10/01/2023,15/01/2023 00:00,2023-01,Stake.com,Stake.com,PPC-CAS-CAN-BAD,6,2,2,0,527.39,263.695,300,563.695
PPC,11/01/2023,15/01/2023 00:00,2023-01,Stake.com,Stake.com,PPC-CAS-CAN-BAD,1,0,0,0,56.61,28.305,0,28.305
PPC,12/01/2023,15/01/2023 00:00,2023-01,Stake.com,Stake.com,PPC-CAS-CAN-BAD,0,0,0,0,356.67,178.335,0,178.335
PPC,13/01/2023,15/01/2023 00:00,2023-01,Stake.com,Stake.com,PPC-CAS-CAN-BAD,3,3,3,0,315.18,157.59,450,607.59
PPC,14/01/2023,15/01/2023 00:00,2023-01,Stake.com,Stake.com,PPC-CAS-CAN-BAD,3,0,0,0,-67.26,-33.63,0,-33.63
PPC,15/01/2023,15/01/2023 00:00,2023-01,Stake.com,Stake.com,PPC-CAS-CAN-BAD,7,2,2,0,-23.29,-11.645,300,288.355
PPC,16/01/2023,22/01/2023 00:00,2023-01,Stake.com,Stake.com,PPC-CAS-CAN-BAD,5,3,3,0,2475.33,1237.665,450,1687.665
PPC,17/01/2023,22/01/2023 00:00,2023-01,Stake.com,Stake.com,PPC-CAS-CAN-BAD,2,2,2,0,1497.68,748.84,300,1048.84
PPC,18/01/2023,22/01/2023 00:00,2023-01,Stake.com,Stake.com,PPC-CAS-CAN-BAD,1,2,2,0,738.2,369.1,300,669.1
PPC,19/01/2023,22/01/2023 00:00,2023-01,Stake.com,Stake.com,PPC-CAS-CAN-BAD,1,0,0,0,218.66,109.33,0,109.33
PPC,20/01/2023,22/01/2023 00:00,2023-01,Stake.com,Stake.com,PPC-CAS-CAN-BAD,2,0,0,0,-54.13,-27.065,0,-27.065
PPC,21/01/2023,22/01/2023 00:00,2023-01,Stake.com,Stake.com,PPC-CAS-CAN-BAD,5,3,3,0,343.2,171.6,450,621.6
PPC,22/01/2023,22/01/2023 00:00,2023-01,Stake.com,Stake.com,PPC-CAS-CAN-BAD,3,0,0,0,220.75,110.375,0,110.375
PPC,23/01/2023,29/01/2023 00:00,2023-01,Stake.com,Stake.com,PPC-CAS-CAN-BAD,3,2,2,0,19.02,9.51,300,309.51
PPC,24/01/2023,29/01/2023 00:00,2023-01,Stake.com,Stake.com,PPC-CAS-CAN-BAD,3,0,0,0,-730.71,-365.355,0,-365.355
PPC,25/01/2023,29/01/2023 00:00,2023-01,Stake.com,Stake.com,PPC-CAS-CAN-BAD,3,3,3,0,528.09,264.045,450,714.045
PPC,26/01/2023,29/01/2023 00:00,2023-01,Stake.com,Stake.com,PPC-CAS-CAN-BAD,5,1,1,0,-2584.76,-1292.38,150,-1142.38
PPC,27/01/2023,29/01/2023 00:00,2023-01,Stake.com,Stake.com,PPC-CAS-CAN-BAD,5,0,0,0,1853.89,926.945,0,926.945
PPC,28/01/2023,29/01/2023 00:00,2023-01,Stake.com,Stake.com,PPC-CAS-CAN-BAD,3,0,0,0,-691.73,-345.865,0,-345.865
PPC,29/01/2023,29/01/2023 00:00,2023-01,Stake.com,Stake.com,PPC-CAS-CAN-BAD,1,0,0,0,2083.34,1041.67,0,1041.67
PPC,30/01/2023,05/02/2023 00:00,2023-01,Stake.com,Stake.com,PPC-CAS-CAN-BAD,5,1,1,0,-509.25,-254.625,150,-104.625
PPC,31/01/2023,05/02/2023 00:00,2023-01,Stake.com,Stake.com,PPC-CAS-CAN-BAD,4,4,4,0,-628.29,-314.145,600,285.855
PPC,01/01/2023,01/01/2023 00:00,2023-01,Stake.com,Stake.com,PPC-CAS-CAN-GAD,0,0,0,0,2.06,1.03,0,1.03
PPC,02/01/2023,08/01/2023 00:00,2023-01,Stake.com,Stake.com,PPC-CAS-CAN-GAD,0,0,0,0,0,0,0,0
PPC,03/01/2023,08/01/2023 00:00,2023-01,Stake.com,Stake.com,PPC-CAS-CAN-GAD,0,0,0,0,0,0,0,0
PPC,04/01/2023,08/01/2023 00:00,2023-01,Stake.com,Stake.com,PPC-CAS-CAN-GAD,0,0,0,0,0,0,0,0
PPC,05/01/2023,08/01/2023 00:00,2023-01,Stake.com,Stake.com,PPC-CAS-CAN-GAD,0,0,0,0,0,0,0,0
PPC,06/01/2023,08/01/2023 00:00,2023-01,Stake.com,Stake.com,PPC-CAS-CAN-GAD,0,0,0,0,0,0,0,0
PPC,07/01/2023,08/01/2023 00:00,2023-01,Stake.com,Stake.com,PPC-CAS-CAN-GAD,0,0,0,0,7.47,3.735,0,3.735
PPC,08/01/2023,08/01/2023 00:00,2023-01,Stake.com,Stake.com,PPC-CAS-CAN-GAD,0,0,0,0,0,0,0,0
PPC,09/01/2023,15/01/2023 00:00,2023-01,Stake.com,Stake.com,PPC-CAS-CAN-GAD,0,0,0,0,0,0,0,0
PPC,10/01/2023,15/01/2023 00:00,2023-01,Stake.com,Stake.com,PPC-CAS-CAN-GAD,0,0,0,0,-22.48,-11.24,0,-11.24
PPC,11/01/2023,15/01/2023 00:00,2023-01,Stake.com,Stake.com,PPC-CAS-CAN-GAD,0,0,0,0,0,0,0,0
PPC,12/01/2023,15/01/2023 00:00,2023-01,Stake.com,Stake.com,PPC-CAS-CAN-GAD,0,0,0,0,0,0,0,0
PPC,13/01/2023,15/01/2023 00:00,2023-01,Stake.com,Stake.com,PPC-CAS-CAN-GAD,0,0,0,0,0,0,0,0
PPC,14/01/2023,15/01/2023 00:00,2023-01,Stake.com,Stake.com,PPC-CAS-CAN-GAD,0,0,0,0,0,0,0,0
PPC,15/01/2023,15/01/2023 00:00,2023-01,Stake.com,Stake.com,PPC-CAS-CAN-GAD,0,0,0,0,-7.25,-3.625,0,-3.625
PPC,16/01/2023,22/01/2023 00:00,2023-01,Stake.com,Stake.com,PPC-CAS-CAN-GAD,0,0,0,0,0.87,0.435,0,0.435
PPC,17/01/2023,22/01/2023 00:00,2023-01,Stake.com,Stake.com,PPC-CAS-CAN-GAD,0,0,0,0,0,0,0,0
PPC,18/01/2023,22/01/2023 00:00,2023-01,Stake.com,Stake.com,PPC-CAS-CAN-GAD,0,0,0,0,0,0,0,0
PPC,19/01/2023,22/01/2023 00:00,2023-01,Stake.com,Stake.com,PPC-CAS-CAN-GAD,0,0,0,0,6.27,3.135,0,3.135
PPC,20/01/2023,22/01/2023 00:00,2023-01,Stake.com,Stake.com,PPC-CAS-CAN-GAD,0,0,0,0,0,0,0,0
PPC,21/01/2023,22/01/2023 00:00,2023-01,Stake.com,Stake.com,PPC-CAS-CAN-GAD,0,0,0,0,0,0,0,0
PPC,22/01/2023,22/01/2023 00:00,2023-01,Stake.com,Stake.com,PPC-CAS-CAN-GAD,0,0,0,0,0,0,0,0
PPC,23/01/2023,29/01/2023 00:00,2023-01,Stake.com,Stake.com,PPC-CAS-CAN-GAD,0,0,0,0,-74.82,-37.41,0,-37.41
PPC,24/01/2023,29/01/2023 00:00,2023-01,Stake.com,Stake.com,PPC-CAS-CAN-GAD,0,0,0,0,-155.37,-77.685,0,-77.685
PPC,25/01/2023,29/01/2023 00:00,2023-01,Stake.com,Stake.com,PPC-CAS-CAN-GAD,0,0,0,0,378.94,189.47,0,189.47
PPC,26/01/2023,29/01/2023 00:00,2023-01,Stake.com,Stake.com,PPC-CAS-CAN-GAD,0,0,0,0,1.13,0.565,0,0.565
PPC,27/01/2023,29/01/2023 00:00,2023-01,Stake.com,Stake.com,PPC-CAS-CAN-GAD,0,0,0,0,1.89,0.945,0,0.945
PPC,28/01/2023,29/01/2023 00:00,2023-01,Stake.com,Stake.com,PPC-CAS-CAN-GAD,0,0,0,0,6.21,3.105,0,3.105
PPC,29/01/2023,29/01/2023 00:00,2023-01,Stake.com,Stake.com,PPC-CAS-CAN-GAD,0,0,0,0,0,0,0,0
PPC,30/01/2023,05/02/2023 00:00,2023-01,Stake.com,Stake.com,PPC-CAS-CAN-GAD,0,0,0,0,-7.39,-3.695,0,-3.695
PPC,31/01/2023,05/02/2023 00:00,2023-01,Stake.com,Stake.com,PPC-CAS-CAN-GAD,0,0,0,0,-10.51,-5.255,0,-5.255
PPC,01/01/2023,01/01/2023 00:00,2023-01,Stake.com,Stake.com,PPC-CAS-NOR-BAD,2,0,0,0,889.96,444.98,0,444.98
PPC,02/01/2023,08/01/2023 00:00,2023-01,Stake.com,Stake.com,PPC-CAS-NOR-BAD,1,0,0,0,551.31,275.655,0,275.655
PPC,03/01/2023,08/01/2023 00:00,2023-01,Stake.com,Stake.com,PPC-CAS-NOR-BAD,2,1,1,0,-994.48,-497.24,150,-347.24
PPC,04/01/2023,08/01/2023 00:00,2023-01,Stake.com,Stake.com,PPC-CAS-NOR-BAD,3,0,0,0,3000.96,1500.48,0,1500.48
PPC,05/01/2023,08/01/2023 00:00,2023-01,Stake.com,Stake.com,PPC-CAS-NOR-BAD,0,0,0,0,-784.15,-392.075,0,-392.075
PPC,06/01/2023,08/01/2023 00:00,2023-01,Stake.com,Stake.com,PPC-CAS-NOR-BAD,1,0,0,0,340.21,170.105,0,170.105
PPC,07/01/2023,08/01/2023 00:00,2023-01,Stake.com,Stake.com,PPC-CAS-NOR-BAD,1,0,0,0,-253.76,-126.88,0,-126.88
PPC,08/01/2023,08/01/2023 00:00,2023-01,Stake.com,Stake.com,PPC-CAS-NOR-BAD,1,0,0,0,9.12,4.56,0,4.56
PPC,09/01/2023,15/01/2023 00:00,2023-01,Stake.com,Stake.com,PPC-CAS-NOR-BAD,0,0,0,0,-720.24,-360.12,0,-360.12
PPC,10/01/2023,15/01/2023 00:00,2023-01,Stake.com,Stake.com,PPC-CAS-NOR-BAD,0,0,0,0,224.68,112.34,0,112.34
PPC,11/01/2023,15/01/2023 00:00,2023-01,Stake.com,Stake.com,PPC-CAS-NOR-BAD,4,0,0,0,-384.97,-192.485,0,-192.485
PPC,12/01/2023,15/01/2023 00:00,2023-01,Stake.com,Stake.com,PPC-CAS-NOR-BAD,0,0,0,0,414.61,207.305,0,207.305
PPC,13/01/2023,15/01/2023 00:00,2023-01,Stake.com,Stake.com,PPC-CAS-NOR-BAD,2,0,0,0,637.45,318.725,0,318.725
PPC,14/01/2023,15/01/2023 00:00,2023-01,Stake.com,Stake.com,PPC-CAS-NOR-BAD,5,0,0,0,599.62,299.81,0,299.81
PPC,15/01/2023,15/01/2023 00:00,2023-01,Stake.com,Stake.com,PPC-CAS-NOR-BAD,6,0,0,0,-41.26,-20.63,0,-20.63
PPC,16/01/2023,22/01/2023 00:00,2023-01,Stake.com,Stake.com,PPC-CAS-NOR-BAD,4,0,0,0,118.28,59.14,0,59.14
PPC,17/01/2023,22/01/2023 00:00,2023-01,Stake.com,Stake.com,PPC-CAS-NOR-BAD,3,1,1,0,16.97,8.485,150,158.485
PPC,18/01/2023,22/01/2023 00:00,2023-01,Stake.com,Stake.com,PPC-CAS-NOR-BAD,4,0,0,0,4.89,2.445,0,2.445
PPC,19/01/2023,22/01/2023 00:00,2023-01,Stake.com,Stake.com,PPC-CAS-NOR-BAD,5,2,2,0,259.53,129.765,300,429.765
PPC,20/01/2023,22/01/2023 00:00,2023-01,Stake.com,Stake.com,PPC-CAS-NOR-BAD,1,1,1,0,84.28,42.14,150,192.14
PPC,21/01/2023,22/01/2023 00:00,2023-01,Stake.com,Stake.com,PPC-CAS-NOR-BAD,0,0,0,0,148.21,74.105,0,74.105
PPC,22/01/2023,22/01/2023 00:00,2023-01,Stake.com,Stake.com,PPC-CAS-NOR-BAD,2,0,0,0,-5.66,-2.83,0,-2.83
PPC,23/01/2023,29/01/2023 00:00,2023-01,Stake.com,Stake.com,PPC-CAS-NOR-BAD,0,0,0,0,31.84,15.92,0,15.92
PPC,24/01/2023,29/01/2023 00:00,2023-01,Stake.com,Stake.com,PPC-CAS-NOR-BAD,0,0,0,0,-44.26,-22.13,0,-22.13
PPC,25/01/2023,29/01/2023 00:00,2023-01,Stake.com,Stake.com,PPC-CAS-NOR-BAD,3,0,0,0,13.41,6.705,0,6.705
PPC,26/01/2023,29/01/2023 00:00,2023-01,Stake.com,Stake.com,PPC-CAS-NOR-BAD,4,0,0,0,9.26,4.63,0,4.63
PPC,27/01/2023,29/01/2023 00:00,2023-01,Stake.com,Stake.com,PPC-CAS-NOR-BAD,0,0,0,0,15.75,7.875,0,7.875
PPC,28/01/2023,29/01/2023 00:00,2023-01,Stake.com,Stake.com,PPC-CAS-NOR-BAD,3,1,1,0,222.69,111.345,150,261.345
PPC,29/01/2023,29/01/2023 00:00,2023-01,Stake.com,Stake.com,PPC-CAS-NOR-BAD,5,0,0,0,500.39,250.195,0,250.195
PPC,30/01/2023,05/02/2023 00:00,2023-01,Stake.com,Stake.com,PPC-CAS-NOR-BAD,1,1,1,0,-195.01,-97.505,150,52.495
PPC,31/01/2023,05/02/2023 00:00,2023-01,Stake.com,Stake.com,PPC-CAS-NOR-BAD,2,1,1,0,-56.44,-28.22,150,121.78
PPC,01/01/2023,01/01/2023 00:00,2023-01,Stake.com,Stake.com,PPC-CAS-NOR-GAD,0,0,0,0,0,0,0,0
PPC,02/01/2023,08/01/2023 00:00,2023-01,Stake.com,Stake.com,PPC-CAS-NOR-GAD,0,0,0,0,0,0,0,0
PPC,03/01/2023,08/01/2023 00:00,2023-01,Stake.com,Stake.com,PPC-CAS-NOR-GAD,0,0,0,0,0,0,0,0
PPC,04/01/2023,08/01/2023 00:00,2023-01,Stake.com,Stake.com,PPC-CAS-NOR-GAD,0,0,0,0,0,0,0,0
PPC,05/01/2023,08/01/2023 00:00,2023-01,Stake.com,Stake.com,PPC-CAS-NOR-GAD,0,0,0,0,0,0,0,0
PPC,06/01/2023,08/01/2023 00:00,2023-01,Stake.com,Stake.com,PPC-CAS-NOR-GAD,0,0,0,0,0,0,0,0
PPC,07/01/2023,08/01/2023 00:00,2023-01,Stake.com,Stake.com,PPC-CAS-NOR-GAD,0,0,0,0,0,0,0,0
PPC,08/01/2023,08/01/2023 00:00,2023-01,Stake.com,Stake.com,PPC-CAS-NOR-GAD,0,0,0,0,0,0,0,0
PPC,09/01/2023,15/01/2023 00:00,2023-01,Stake.com,Stake.com,PPC-CAS-NOR-GAD,0,0,0,0,0,0,0,0
PPC,10/01/2023,15/01/2023 00:00,2023-01,Stake.com,Stake.com,PPC-CAS-NOR-GAD,0,0,0,0,0,0,0,0
PPC,11/01/2023,15/01/2023 00:00,2023-01,Stake.com,Stake.com,PPC-CAS-NOR-GAD,0,0,0,0,2.08,1.04,0,1.04
PPC,12/01/2023,15/01/2023 00:00,2023-01,Stake.com,Stake.com,PPC-CAS-NOR-GAD,0,0,0,0,0,0,0,0
PPC,13/01/2023,15/01/2023 00:00,2023-01,Stake.com,Stake.com,PPC-CAS-NOR-GAD,0,0,0,0,0,0,0,0
PPC,14/01/2023,15/01/2023 00:00,2023-01,Stake.com,Stake.com,PPC-CAS-NOR-GAD,0,0,0,0,0,0,0,0
PPC,15/01/2023,15/01/2023 00:00,2023-01,Stake.com,Stake.com,PPC-CAS-NOR-GAD,0,0,0,0,0,0,0,0
PPC,16/01/2023,22/01/2023 00:00,2023-01,Stake.com,Stake.com,PPC-CAS-NOR-GAD,0,0,0,0,0,0,0,0
PPC,17/01/2023,22/01/2023 00:00,2023-01,Stake.com,Stake.com,PPC-CAS-NOR-GAD,0,0,0,0,0,0,0,0
PPC,18/01/2023,22/01/2023 00:00,2023-01,Stake.com,Stake.com,PPC-CAS-NOR-GAD,0,0,0,0,0,0,0,0
PPC,19/01/2023,22/01/2023 00:00,2023-01,Stake.com,Stake.com,PPC-CAS-NOR-GAD,0,0,0,0,0,0,0,0
PPC,20/01/2023,22/01/2023 00:00,2023-01,Stake.com,Stake.com,PPC-CAS-NOR-GAD,0,0,0,0,0,0,0,0
PPC,21/01/2023,22/01/2023 00:00,2023-01,Stake.com,Stake.com,PPC-CAS-NOR-GAD,0,0,0,0,0,0,0,0
PPC,22/01/2023,22/01/2023 00:00,2023-01,Stake.com,Stake.com,PPC-CAS-NOR-GAD,0,0,0,0,0,0,0,0
PPC,23/01/2023,29/01/2023 00:00,2023-01,Stake.com,Stake.com,PPC-CAS-NOR-GAD,0,0,0,0,0,0,0,0
PPC,24/01/2023,29/01/2023 00:00,2023-01,Stake.com,Stake.com,PPC-CAS-NOR-GAD,0,0,0,0,0,0,0,0
PPC,25/01/2023,29/01/2023 00:00,2023-01,Stake.com,Stake.com,PPC-CAS-NOR-GAD,0,0,0,0,0,0,0,0
PPC,26/01/2023,29/01/2023 00:00,2023-01,Stake.com,Stake.com,PPC-CAS-NOR-GAD,0,0,0,0,0,0,0,0
PPC,27/01/2023,29/01/2023 00:00,2023-01,Stake.com,Stake.com,PPC-CAS-NOR-GAD,0,0,0,0,0,0,0,0
PPC,28/01/2023,29/01/2023 00:00,2023-01,Stake.com,Stake.com,PPC-CAS-NOR-GAD,0,0,0,0,0,0,0,0
PPC,29/01/2023,29/01/2023 00:00,2023-01,Stake.com,Stake.com,PPC-CAS-NOR-GAD,0,0,0,0,0,0,0,0
PPC,30/01/2023,05/02/2023 00:00,2023-01,Stake.com,Stake.com,PPC-CAS-NOR-GAD,0,0,0,0,0,0,0,0
PPC,31/01/2023,05/02/2023 00:00,2023-01,Stake.com,Stake.com,PPC-CAS-NOR-GAD,0,0,0,0,0,0,0,0
PPC,10/01/2023,15/01/2023 00:00,2023-01,Stake.com,Stake.com,PPC-SPO-CHE-BAD,1,0,0,0,0,0,0,0
PPC,11/01/2023,15/01/2023 00:00,2023-01,Stake.com,Stake.com,PPC-SPO-CHE-BAD,0,0,0,0,0,0,0,0
PPC,12/01/2023,15/01/2023 00:00,2023-01,Stake.com,Stake.com,PPC-SPO-CHE-BAD,0,0,0,0,0,0,0,0
PPC,13/01/2023,15/01/2023 00:00,2023-01,Stake.com,Stake.com,PPC-SPO-CHE-BAD,0,0,0,0,0,0,0,0
PPC,14/01/2023,15/01/2023 00:00,2023-01,Stake.com,Stake.com,PPC-SPO-CHE-BAD,0,0,0,0,0,0,0,0
PPC,15/01/2023,15/01/2023 00:00,2023-01,Stake.com,Stake.com,PPC-SPO-CHE-BAD,0,0,0,0,0,0,0,0
PPC,16/01/2023,22/01/2023 00:00,2023-01,Stake.com,Stake.com,PPC-SPO-CHE-BAD,0,0,0,0,0,0,0,0
PPC,17/01/2023,22/01/2023 00:00,2023-01,Stake.com,Stake.com,PPC-SPO-CHE-BAD,0,0,0,0,0,0,0,0
PPC,18/01/2023,22/01/2023 00:00,2023-01,Stake.com,Stake.com,PPC-SPO-CHE-BAD,0,0,0,0,0,0,0,0
PPC,19/01/2023,22/01/2023 00:00,2023-01,Stake.com,Stake.com,PPC-SPO-CHE-BAD,0,0,0,0,0,0,0,0
PPC,20/01/2023,22/01/2023 00:00,2023-01,Stake.com,Stake.com,PPC-SPO-CHE-BAD,0,0,0,0,0,0,0,0
PPC,21/01/2023,22/01/2023 00:00,2023-01,Stake.com,Stake.com,PPC-SPO-CHE-BAD,0,0,0,0,0,0,0,0
PPC,22/01/2023,22/01/2023 00:00,2023-01,Stake.com,Stake.com,PPC-SPO-CHE-BAD,0,0,0,0,0,0,0,0
PPC,23/01/2023,29/01/2023 00:00,2023-01,Stake.com,Stake.com,PPC-SPO-CHE-BAD,0,0,0,0,0,0,0,0
PPC,24/01/2023,29/01/2023 00:00,2023-01,Stake.com,Stake.com,PPC-SPO-CHE-BAD,0,0,0,0,0,0,0,0
PPC,25/01/2023,29/01/2023 00:00,2023-01,Stake.com,Stake.com,PPC-SPO-CHE-BAD,0,0,0,0,0,0,0,0
PPC,26/01/2023,29/01/2023 00:00,2023-01,Stake.com,Stake.com,PPC-SPO-CHE-BAD,0,0,0,0,0,0,0,0
PPC,27/01/2023,29/01/2023 00:00,2023-01,Stake.com,Stake.com,PPC-SPO-CHE-BAD,0,0,0,0,0,0,0,0
PPC,28/01/2023,29/01/2023 00:00,2023-01,Stake.com,Stake.com,PPC-SPO-CHE-BAD,0,0,0,0,0,0,0,0
PPC,29/01/2023,29/01/2023 00:00,2023-01,Stake.com,Stake.com,PPC-SPO-CHE-BAD,0,0,0,0,0,0,0,0
PPC,30/01/2023,05/02/2023 00:00,2023-01,Stake.com,Stake.com,PPC-SPO-CHE-BAD,0,0,0,0,0,0,0,0
PPC,31/01/2023,05/02/2023 00:00,2023-01,Stake.com,Stake.com,PPC-SPO-CHE-BAD,0,0,0,0,0,0,0,0
PPC,01/01/2023,01/01/2023 00:00,2023-01,Stake.com,Stake.com,PPC-SPO-CHE-GAD,0,0,0,0,0,0,0,0
PPC,02/01/2023,08/01/2023 00:00,2023-01,Stake.com,Stake.com,PPC-SPO-CHE-GAD,0,0,0,0,0,0,0,0
PPC,03/01/2023,08/01/2023 00:00,2023-01,Stake.com,Stake.com,PPC-SPO-CHE-GAD,0,0,0,0,0,0,0,0
PPC,04/01/2023,08/01/2023 00:00,2023-01,Stake.com,Stake.com,PPC-SPO-CHE-GAD,0,0,0,0,0,0,0,0
PPC,05/01/2023,08/01/2023 00:00,2023-01,Stake.com,Stake.com,PPC-SPO-CHE-GAD,0,0,0,0,0,0,0,0
PPC,06/01/2023,08/01/2023 00:00,2023-01,Stake.com,Stake.com,PPC-SPO-CHE-GAD,0,0,0,0,0,0,0,0
PPC,07/01/2023,08/01/2023 00:00,2023-01,Stake.com,Stake.com,PPC-SPO-CHE-GAD,0,0,0,0,0,0,0,0
PPC,08/01/2023,08/01/2023 00:00,2023-01,Stake.com,Stake.com,PPC-SPO-CHE-GAD,0,0,0,0,0,0,0,0
PPC,09/01/2023,15/01/2023 00:00,2023-01,Stake.com,Stake.com,PPC-SPO-CHE-GAD,0,0,0,0,0,0,0,0
PPC,10/01/2023,15/01/2023 00:00,2023-01,Stake.com,Stake.com,PPC-SPO-CHE-GAD,0,0,0,0,0,0,0,0
PPC,11/01/2023,15/01/2023 00:00,2023-01,Stake.com,Stake.com,PPC-SPO-CHE-GAD,0,0,0,0,0,0,0,0
PPC,12/01/2023,15/01/2023 00:00,2023-01,Stake.com,Stake.com,PPC-SPO-CHE-GAD,0,0,0,0,0,0,0,0
PPC,13/01/2023,15/01/2023 00:00,2023-01,Stake.com,Stake.com,PPC-SPO-CHE-GAD,0,0,0,0,0,0,0,0
PPC,14/01/2023,15/01/2023 00:00,2023-01,Stake.com,Stake.com,PPC-SPO-CHE-GAD,0,0,0,0,0,0,0,0
PPC,15/01/2023,15/01/2023 00:00,2023-01,Stake.com,Stake.com,PPC-SPO-CHE-GAD,0,0,0,0,0,0,0,0
PPC,16/01/2023,22/01/2023 00:00,2023-01,Stake.com,Stake.com,PPC-SPO-CHE-GAD,0,0,0,0,0,0,0,0
PPC,17/01/2023,22/01/2023 00:00,2023-01,Stake.com,Stake.com,PPC-SPO-CHE-GAD,0,0,0,0,0,0,0,0
PPC,18/01/2023,22/01/2023 00:00,2023-01,Stake.com,Stake.com,PPC-SPO-CHE-GAD,0,0,0,0,0,0,0,0
PPC,19/01/2023,22/01/2023 00:00,2023-01,Stake.com,Stake.com,PPC-SPO-CHE-GAD,0,0,0,0,0,0,0,0
PPC,20/01/2023,22/01/2023 00:00,2023-01,Stake.com,Stake.com,PPC-SPO-CHE-GAD,0,0,0,0,0,0,0,0
PPC,21/01/2023,22/01/2023 00:00,2023-01,Stake.com,Stake.com,PPC-SPO-CHE-GAD,0,0,0,0,0,0,0,0
PPC,22/01/2023,22/01/2023 00:00,2023-01,Stake.com,Stake.com,PPC-SPO-CHE-GAD,0,0,0,0,0,0,0,0
PPC,23/01/2023,29/01/2023 00:00,2023-01,Stake.com,Stake.com,PPC-SPO-CHE-GAD,0,0,0,0,0,0,0,0
PPC,24/01/2023,29/01/2023 00:00,2023-01,Stake.com,Stake.com,PPC-SPO-CHE-GAD,0,0,0,0,0,0,0,0
PPC,25/01/2023,29/01/2023 00:00,2023-01,Stake.com,Stake.com,PPC-SPO-CHE-GAD,0,0,0,0,0,0,0,0
PPC,26/01/2023,29/01/2023 00:00,2023-01,Stake.com,Stake.com,PPC-SPO-CHE-GAD,0,0,0,0,0,0,0,0
PPC,27/01/2023,29/01/2023 00:00,2023-01,Stake.com,Stake.com,PPC-SPO-CHE-GAD,0,0,0,0,0,0,0,0
PPC,28/01/2023,29/01/2023 00:00,2023-01,Stake.com,Stake.com,PPC-SPO-CHE-GAD,0,0,0,0,0,0,0,0
PPC,29/01/2023,29/01/2023 00:00,2023-01,Stake.com,Stake.com,PPC-SPO-CHE-GAD,0,0,0,0,0,0,0,0
PPC,30/01/2023,05/02/2023 00:00,2023-01,Stake.com,Stake.com,PPC-SPO-CHE-GAD,0,0,0,0,0,0,0,0
PPC,31/01/2023,05/02/2023 00:00,2023-01,Stake.com,Stake.com,PPC-SPO-CHE-GAD,0,0,0,0,0,0,0,0
SEO,01/01/2023,01/01/2023 00:00,2023-01,Stake.com,Stake.com,AMC-IGA-GLO-CRYPTO,0,0,0,0,9.82,4.91,0,4.91
SEO,02/01/2023,08/01/2023 00:00,2023-01,Stake.com,Stake.com,AMC-IGA-GLO-CRYPTO,0,0,0,1093.31,1100.93,550.465,0,550.465
SEO,03/01/2023,08/01/2023 00:00,2023-01,Stake.com,Stake.com,AMC-IGA-GLO-CRYPTO,0,0,0,725.04,725.93,362.965,0,362.965
SEO,04/01/2023,08/01/2023 00:00,2023-01,Stake.com,Stake.com,AMC-IGA-GLO-CRYPTO,1,0,0,0,0.01,0.005,0,0.005
SEO,05/01/2023,08/01/2023 00:00,2023-01,Stake.com,Stake.com,AMC-IGA-GLO-CRYPTO,0,0,0,0,6.63,3.315,0,3.315
SEO,06/01/2023,08/01/2023 00:00,2023-01,Stake.com,Stake.com,AMC-IGA-GLO-CRYPTO,0,0,0,0,26.97,13.485,0,13.485
SEO,07/01/2023,08/01/2023 00:00,2023-01,Stake.com,Stake.com,AMC-IGA-GLO-CRYPTO,0,0,0,1104.78,1105.35,552.675,0,552.675
SEO,08/01/2023,08/01/2023 00:00,2023-01,Stake.com,Stake.com,AMC-IGA-GLO-CRYPTO,1,1,0,509.06,372.36,186.18,0,186.18
SEO,09/01/2023,15/01/2023 00:00,2023-01,Stake.com,Stake.com,AMC-IGA-GLO-CRYPTO,0,0,0,0,-133.92,-66.96,0,-66.96
SEO,10/01/2023,15/01/2023 00:00,2023-01,Stake.com,Stake.com,AMC-IGA-GLO-CRYPTO,0,0,0,0,75.25,37.625,0,37.625
SEO,11/01/2023,15/01/2023 00:00,2023-01,Stake.com,Stake.com,AMC-IGA-GLO-CRYPTO,0,0,0,22.62,35.16,17.58,0,17.58
SEO,12/01/2023,15/01/2023 00:00,2023-01,Stake.com,Stake.com,AMC-IGA-GLO-CRYPTO,1,1,0,955.79,1168.89,584.445,0,584.445
SEO,13/01/2023,15/01/2023 00:00,2023-01,Stake.com,Stake.com,AMC-IGA-GLO-CRYPTO,3,1,0,761.28,-13947.63,-6973.815,0,-6973.815
SEO,14/01/2023,15/01/2023 00:00,2023-01,Stake.com,Stake.com,AMC-IGA-GLO-CRYPTO,2,0,0,0,2016.78,1008.39,0,1008.39
SEO,15/01/2023,15/01/2023 00:00,2023-01,Stake.com,Stake.com,AMC-IGA-GLO-CRYPTO,0,0,0,579.97,-93.95,-46.975,0,-46.975
SEO,16/01/2023,22/01/2023 00:00,2023-01,Stake.com,Stake.com,AMC-IGA-GLO-CRYPTO,2,1,0,134.99,18.82,9.41,0,9.41
SEO,17/01/2023,22/01/2023 00:00,2023-01,Stake.com,Stake.com,AMC-IGA-GLO-CRYPTO,1,1,0,365.92,395.61,197.805,0,197.805
SEO,18/01/2023,22/01/2023 00:00,2023-01,Stake.com,Stake.com,AMC-IGA-GLO-CRYPTO,0,1,0,1240.34,528.42,264.21,0,264.21
SEO,19/01/2023,22/01/2023 00:00,2023-01,Stake.com,Stake.com,AMC-IGA-GLO-CRYPTO,1,0,0,136.01,1447.89,723.945,0,723.945
SEO,20/01/2023,22/01/2023 00:00,2023-01,Stake.com,Stake.com,AMC-IGA-GLO-CRYPTO,1,0,0,844.91,-9512.01,-4756.005,0,-4756.005
SEO,21/01/2023,22/01/2023 00:00,2023-01,Stake.com,Stake.com,AMC-IGA-GLO-CRYPTO,0,0,0,22.4,10385.15,5192.575,0,5192.575
SEO,22/01/2023,22/01/2023 00:00,2023-01,Stake.com,Stake.com,AMC-IGA-GLO-CRYPTO,0,0,0,738.07,-853.41,-426.705,0,-426.705
SEO,23/01/2023,29/01/2023 00:00,2023-01,Stake.com,Stake.com,AMC-IGA-GLO-CRYPTO,0,0,0,3720.84,4814.08,2407.04,0,2407.04
SEO,24/01/2023,29/01/2023 00:00,2023-01,Stake.com,Stake.com,AMC-IGA-GLO-CRYPTO,1,0,0,1109.75,547.62,273.81,0,273.81
SEO,25/01/2023,29/01/2023 00:00,2023-01,Stake.com,Stake.com,AMC-IGA-GLO-CRYPTO,2,1,0,274.63,-193.25,-96.625,0,-96.625
SEO,26/01/2023,29/01/2023 00:00,2023-01,Stake.com,Stake.com,AMC-IGA-GLO-CRYPTO,0,0,0,2599.66,-42.71,-21.355,0,-21.355
SEO,27/01/2023,29/01/2023 00:00,2023-01,Stake.com,Stake.com,AMC-IGA-GLO-CRYPTO,0,0,0,29.71,3511.53,1755.765,0,1755.765
SEO,28/01/2023,29/01/2023 00:00,2023-01,Stake.com,Stake.com,AMC-IGA-GLO-CRYPTO,0,0,0,494.54,496.04,248.02,0,248.02
SEO,29/01/2023,29/01/2023 00:00,2023-01,Stake.com,Stake.com,AMC-IGA-GLO-CRYPTO,0,0,0,1485.71,1498.45,749.225,0,749.225
SEO,30/01/2023,05/02/2023 00:00,2023-01,Stake.com,Stake.com,AMC-IGA-GLO-CRYPTO,0,0,0,131.38,138.95,69.475,0,69.475
SEO,31/01/2023,05/02/2023 00:00,2023-01,Stake.com,Stake.com,AMC-IGA-GLO-CRYPTO,2,0,0,1856.85,1841.27,920.635,0,920.635
SEO,01/01/2023,01/01/2023 00:00,2023-01,Stake.com,Stake.com,BNE-CAS-GLO,0,0,0,0,0,0,0,0
SEO,02/01/2023,08/01/2023 00:00,2023-01,Stake.com,Stake.com,BNE-CAS-GLO,0,0,0,0,0,0,0,0
SEO,03/01/2023,08/01/2023 00:00,2023-01,Stake.com,Stake.com,BNE-CAS-GLO,0,0,0,0,0,0,0,0
SEO,04/01/2023,08/01/2023 00:00,2023-01,Stake.com,Stake.com,BNE-CAS-GLO,0,0,0,0,0,0,0,0
SEO,05/01/2023,08/01/2023 00:00,2023-01,Stake.com,Stake.com,BNE-CAS-GLO,0,0,0,0,0,0,0,0
SEO,06/01/2023,08/01/2023 00:00,2023-01,Stake.com,Stake.com,BNE-CAS-GLO,0,0,0,0,0,0,0,0
SEO,07/01/2023,08/01/2023 00:00,2023-01,Stake.com,Stake.com,BNE-CAS-GLO,0,0,0,0,0,0,0,0
SEO,08/01/2023,08/01/2023 00:00,2023-01,Stake.com,Stake.com,BNE-CAS-GLO,0,0,0,0,0,0,0,0
SEO,09/01/2023,15/01/2023 00:00,2023-01,Stake.com,Stake.com,BNE-CAS-GLO,0,0,0,0,0,0,0,0
SEO,10/01/2023,15/01/2023 00:00,2023-01,Stake.com,Stake.com,BNE-CAS-GLO,0,0,0,0,0,0,0,0
SEO,11/01/2023,15/01/2023 00:00,2023-01,Stake.com,Stake.com,BNE-CAS-GLO,0,0,0,0,0,0,0,0
SEO,12/01/2023,15/01/2023 00:00,2023-01,Stake.com,Stake.com,BNE-CAS-GLO,0,0,0,0,0,0,0,0
SEO,13/01/2023,15/01/2023 00:00,2023-01,Stake.com,Stake.com,BNE-CAS-GLO,0,0,0,0,0,0,0,0
SEO,14/01/2023,15/01/2023 00:00,2023-01,Stake.com,Stake.com,BNE-CAS-GLO,0,0,0,0,0,0,0,0
SEO,15/01/2023,15/01/2023 00:00,2023-01,Stake.com,Stake.com,BNE-CAS-GLO,0,0,0,0,0,0,0,0
SEO,16/01/2023,22/01/2023 00:00,2023-01,Stake.com,Stake.com,BNE-CAS-GLO,0,0,0,0,0,0,0,0
SEO,17/01/2023,22/01/2023 00:00,2023-01,Stake.com,Stake.com,BNE-CAS-GLO,0,0,0,0,0,0,0,0
SEO,18/01/2023,22/01/2023 00:00,2023-01,Stake.com,Stake.com,BNE-CAS-GLO,0,0,0,0,0,0,0,0
SEO,19/01/2023,22/01/2023 00:00,2023-01,Stake.com,Stake.com,BNE-CAS-GLO,0,0,0,0,0,0,0,0
SEO,20/01/2023,22/01/2023 00:00,2023-01,Stake.com,Stake.com,BNE-CAS-GLO,0,0,0,0,0,0,0,0
SEO,21/01/2023,22/01/2023 00:00,2023-01,Stake.com,Stake.com,BNE-CAS-GLO,0,0,0,0,0,0,0,0
SEO,22/01/2023,22/01/2023 00:00,2023-01,Stake.com,Stake.com,BNE-CAS-GLO,0,0,0,0,0,0,0,0
SEO,23/01/2023,29/01/2023 00:00,2023-01,Stake.com,Stake.com,BNE-CAS-GLO,0,0,0,0,0,0,0,0
SEO,24/01/2023,29/01/2023 00:00,2023-01,Stake.com,Stake.com,BNE-CAS-GLO,0,0,0,0,0,0,0,0
SEO,25/01/2023,29/01/2023 00:00,2023-01,Stake.com,Stake.com,BNE-CAS-GLO,0,0,0,0,0,0,0,0
SEO,26/01/2023,29/01/2023 00:00,2023-01,Stake.com,Stake.com,BNE-CAS-GLO,0,0,0,0,0,0,0,0
SEO,27/01/2023,29/01/2023 00:00,2023-01,Stake.com,Stake.com,BNE-CAS-GLO,0,0,0,0,0,0,0,0
SEO,28/01/2023,29/01/2023 00:00,2023-01,Stake.com,Stake.com,BNE-CAS-GLO,0,0,0,0,0,0,0,0
SEO,29/01/2023,29/01/2023 00:00,2023-01,Stake.com,Stake.com,BNE-CAS-GLO,0,0,0,0,0,0,0,0
SEO,30/01/2023,05/02/2023 00:00,2023-01,Stake.com,Stake.com,BNE-CAS-GLO,0,0,0,0,0,0,0,0
SEO,31/01/2023,05/02/2023 00:00,2023-01,Stake.com,Stake.com,BNE-CAS-GLO,0,0,0,0,0,0,0,0
SEO,01/01/2023,01/01/2023 00:00,2023-01,Stake.com,Stake.com,BNE-SPO-GLO,0,0,0,0,0,0,0,0
SEO,02/01/2023,08/01/2023 00:00,2023-01,Stake.com,Stake.com,BNE-SPO-GLO,0,0,0,0,0,0,0,0
SEO,03/01/2023,08/01/2023 00:00,2023-01,Stake.com,Stake.com,BNE-SPO-GLO,0,0,0,0,0,0,0,0
SEO,04/01/2023,08/01/2023 00:00,2023-01,Stake.com,Stake.com,BNE-SPO-GLO,0,0,0,0,0,0,0,0
SEO,05/01/2023,08/01/2023 00:00,2023-01,Stake.com,Stake.com,BNE-SPO-GLO,0,0,0,0,0,0,0,0
SEO,06/01/2023,08/01/2023 00:00,2023-01,Stake.com,Stake.com,BNE-SPO-GLO,0,0,0,0,0,0,0,0
SEO,07/01/2023,08/01/2023 00:00,2023-01,Stake.com,Stake.com,BNE-SPO-GLO,0,0,0,0,0,0,0,0
SEO,08/01/2023,08/01/2023 00:00,2023-01,Stake.com,Stake.com,BNE-SPO-GLO,0,0,0,0,0,0,0,0
SEO,09/01/2023,15/01/2023 00:00,2023-01,Stake.com,Stake.com,BNE-SPO-GLO,0,0,0,0,0,0,0,0
SEO,10/01/2023,15/01/2023 00:00,2023-01,Stake.com,Stake.com,BNE-SPO-GLO,0,0,0,0,0,0,0,0
SEO,11/01/2023,15/01/2023 00:00,2023-01,Stake.com,Stake.com,BNE-SPO-GLO,0,0,0,0,0,0,0,0
SEO,12/01/2023,15/01/2023 00:00,2023-01,Stake.com,Stake.com,BNE-SPO-GLO,0,0,0,0,0,0,0,0
SEO,13/01/2023,15/01/2023 00:00,2023-01,Stake.com,Stake.com,BNE-SPO-GLO,0,0,0,0,0,0,0,0
SEO,14/01/2023,15/01/2023 00:00,2023-01,Stake.com,Stake.com,BNE-SPO-GLO,0,0,0,0,0,0,0,0
SEO,15/01/2023,15/01/2023 00:00,2023-01,Stake.com,Stake.com,BNE-SPO-GLO,0,0,0,0,0,0,0,0
SEO,16/01/2023,22/01/2023 00:00,2023-01,Stake.com,Stake.com,BNE-SPO-GLO,0,0,0,0,0,0,0,0
SEO,17/01/2023,22/01/2023 00:00,2023-01,Stake.com,Stake.com,BNE-SPO-GLO,0,0,0,0,0,0,0,0
SEO,18/01/2023,22/01/2023 00:00,2023-01,Stake.com,Stake.com,BNE-SPO-GLO,0,0,0,0,0,0,0,0
SEO,19/01/2023,22/01/2023 00:00,2023-01,Stake.com,Stake.com,BNE-SPO-GLO,0,0,0,0,0,0,0,0
SEO,20/01/2023,22/01/2023 00:00,2023-01,Stake.com,Stake.com,BNE-SPO-GLO,0,0,0,0,0,0,0,0
SEO,21/01/2023,22/01/2023 00:00,2023-01,Stake.com,Stake.com,BNE-SPO-GLO,0,0,0,0,0,0,0,0
SEO,22/01/2023,22/01/2023 00:00,2023-01,Stake.com,Stake.com,BNE-SPO-GLO,0,0,0,0,0,0,0,0
SEO,23/01/2023,29/01/2023 00:00,2023-01,Stake.com,Stake.com,BNE-SPO-GLO,0,0,0,0,0,0,0,0
SEO,24/01/2023,29/01/2023 00:00,2023-01,Stake.com,Stake.com,BNE-SPO-GLO,0,0,0,0,0,0,0,0
SEO,25/01/2023,29/01/2023 00:00,2023-01,Stake.com,Stake.com,BNE-SPO-GLO,0,0,0,0,0,0,0,0
SEO,26/01/2023,29/01/2023 00:00,2023-01,Stake.com,Stake.com,BNE-SPO-GLO,0,0,0,0,0,0,0,0
SEO,27/01/2023,29/01/2023 00:00,2023-01,Stake.com,Stake.com,BNE-SPO-GLO,0,0,0,0,0,0,0,0
SEO,28/01/2023,29/01/2023 00:00,2023-01,Stake.com,Stake.com,BNE-SPO-GLO,0,0,0,0,0,0,0,0
SEO,29/01/2023,29/01/2023 00:00,2023-01,Stake.com,Stake.com,BNE-SPO-GLO,0,0,0,0,0,0,0,0
SEO,30/01/2023,05/02/2023 00:00,2023-01,Stake.com,Stake.com,BNE-SPO-GLO,0,0,0,0,0,0,0,0
SEO,31/01/2023,05/02/2023 00:00,2023-01,Stake.com,Stake.com,BNE-SPO-GLO,0,0,0,0,0,0,0,0
SEO,01/01/2023,01/01/2023 00:00,2023-01,Stake.com,Stake.com,BST-CAS-GLO-YTPAT,0,0,0,0,0.04,0.02,0,0.02
SEO,02/01/2023,08/01/2023 00:00,2023-01,Stake.com,Stake.com,BST-CAS-GLO-YTPAT,0,0,0,34.66,33.95,16.975,0,16.975
SEO,03/01/2023,08/01/2023 00:00,2023-01,Stake.com,Stake.com,BST-CAS-GLO-YTPAT,0,0,0,131.95,29.37,14.685,0,14.685
SEO,04/01/2023,08/01/2023 00:00,2023-01,Stake.com,Stake.com,BST-CAS-GLO-YTPAT,0,0,0,285.35,171.42,85.71,0,85.71
SEO,05/01/2023,08/01/2023 00:00,2023-01,Stake.com,Stake.com,BST-CAS-GLO-YTPAT,0,0,0,0,2.36,1.18,0,1.18
SEO,06/01/2023,08/01/2023 00:00,2023-01,Stake.com,Stake.com,BST-CAS-GLO-YTPAT,0,0,0,405.22,19.48,9.74,0,9.74
SEO,07/01/2023,08/01/2023 00:00,2023-01,Stake.com,Stake.com,BST-CAS-GLO-YTPAT,0,0,0,50.93,104.02,52.01,0,52.01
SEO,08/01/2023,08/01/2023 00:00,2023-01,Stake.com,Stake.com,BST-CAS-GLO-YTPAT,0,0,0,19.41,19.46,9.73,0,9.73
SEO,09/01/2023,15/01/2023 00:00,2023-01,Stake.com,Stake.com,BST-CAS-GLO-YTPAT,0,0,0,171.02,-120.33,-60.165,0,-60.165
SEO,10/01/2023,15/01/2023 00:00,2023-01,Stake.com,Stake.com,BST-CAS-GLO-YTPAT,0,0,0,476.37,22.53,11.265,0,11.265
SEO,11/01/2023,15/01/2023 00:00,2023-01,Stake.com,Stake.com,BST-CAS-GLO-YTPAT,0,0,0,63.68,-25.02,-12.51,0,-12.51
SEO,12/01/2023,15/01/2023 00:00,2023-01,Stake.com,Stake.com,BST-CAS-GLO-YTPAT,0,0,0,0,38.02,19.01,0,19.01
SEO,13/01/2023,15/01/2023 00:00,2023-01,Stake.com,Stake.com,BST-CAS-GLO-YTPAT,0,0,0,33.28,-6.16,-3.08,0,-3.08
SEO,14/01/2023,15/01/2023 00:00,2023-01,Stake.com,Stake.com,BST-CAS-GLO-YTPAT,0,0,0,4.4,9.87,4.935,0,4.935
SEO,15/01/2023,15/01/2023 00:00,2023-01,Stake.com,Stake.com,BST-CAS-GLO-YTPAT,0,0,0,14.94,-5.46,-2.73,0,-2.73
SEO,16/01/2023,22/01/2023 00:00,2023-01,Stake.com,Stake.com,BST-CAS-GLO-YTPAT,0,0,0,396.55,-154.55,-77.275,0,-77.275
SEO,17/01/2023,22/01/2023 00:00,2023-01,Stake.com,Stake.com,BST-CAS-GLO-YTPAT,0,0,0,0,-141.63,-70.815,0,-70.815
SEO,18/01/2023,22/01/2023 00:00,2023-01,Stake.com,Stake.com,BST-CAS-GLO-YTPAT,0,0,0,208.82,76.87,38.435,0,38.435
SEO,19/01/2023,22/01/2023 00:00,2023-01,Stake.com,Stake.com,BST-CAS-GLO-YTPAT,0,0,0,74.32,74.19,37.095,0,37.095
SEO,20/01/2023,22/01/2023 00:00,2023-01,Stake.com,Stake.com,BST-CAS-GLO-YTPAT,0,0,0,115.32,115.37,57.685,0,57.685
SEO,21/01/2023,22/01/2023 00:00,2023-01,Stake.com,Stake.com,BST-CAS-GLO-YTPAT,0,0,0,0,-13.37,-6.685,0,-6.685
SEO,22/01/2023,22/01/2023 00:00,2023-01,Stake.com,Stake.com,BST-CAS-GLO-YTPAT,0,0,0,59.85,-81.63,-40.815,0,-40.815
SEO,23/01/2023,29/01/2023 00:00,2023-01,Stake.com,Stake.com,BST-CAS-GLO-YTPAT,0,0,0,0,0.06,0.03,0,0.03
SEO,24/01/2023,29/01/2023 00:00,2023-01,Stake.com,Stake.com,BST-CAS-GLO-YTPAT,0,0,0,0,0,0,0,0
SEO,25/01/2023,29/01/2023 00:00,2023-01,Stake.com,Stake.com,BST-CAS-GLO-YTPAT,0,0,0,0,-0.02,-0.01,0,-0.01
SEO,26/01/2023,29/01/2023 00:00,2023-01,Stake.com,Stake.com,BST-CAS-GLO-YTPAT,0,0,0,0,-0.45,-0.225,0,-0.225
SEO,27/01/2023,29/01/2023 00:00,2023-01,Stake.com,Stake.com,BST-CAS-GLO-YTPAT,0,0,0,0,-9.75,-4.875,0,-4.875
SEO,28/01/2023,29/01/2023 00:00,2023-01,Stake.com,Stake.com,BST-CAS-GLO-YTPAT,0,0,0,6,6.06,3.03,0,3.03
SEO,29/01/2023,29/01/2023 00:00,2023-01,Stake.com,Stake.com,BST-CAS-GLO-YTPAT,0,0,0,105.23,-544.97,-272.485,0,-272.485
SEO,30/01/2023,05/02/2023 00:00,2023-01,Stake.com,Stake.com,BST-CAS-GLO-YTPAT,0,0,0,301.94,195.13,97.565,0,97.565
SEO,31/01/2023,05/02/2023 00:00,2023-01,Stake.com,Stake.com,BST-CAS-GLO-YTPAT,0,0,0,360.63,-848.52,-424.26,0,-424.26
SEO,01/01/2023,01/01/2023 00:00,2023-01,Stake.com,Stake.com,BST-IGA-GLO-YTPAT,0,0,0,0,-6.6,-3.3,0,-3.3
SEO,02/01/2023,08/01/2023 00:00,2023-01,Stake.com,Stake.com,BST-IGA-GLO-YTPAT,0,0,0,0,0,0,0,0
SEO,03/01/2023,08/01/2023 00:00,2023-01,Stake.com,Stake.com,BST-IGA-GLO-YTPAT,0,0,0,0,0,0,0,0
SEO,04/01/2023,08/01/2023 00:00,2023-01,Stake.com,Stake.com,BST-IGA-GLO-YTPAT,0,1,0,7.42,2.11,1.055,0,1.055
SEO,05/01/2023,08/01/2023 00:00,2023-01,Stake.com,Stake.com,BST-IGA-GLO-YTPAT,0,0,0,0,5.31,2.655,0,2.655
SEO,06/01/2023,08/01/2023 00:00,2023-01,Stake.com,Stake.com,BST-IGA-GLO-YTPAT,0,0,0,0,0,0,0,0
SEO,07/01/2023,08/01/2023 00:00,2023-01,Stake.com,Stake.com,BST-IGA-GLO-YTPAT,0,0,0,313.42,-149.82,-74.91,0,-74.91
SEO,08/01/2023,08/01/2023 00:00,2023-01,Stake.com,Stake.com,BST-IGA-GLO-YTPAT,0,0,0,0,-1.54,-0.77,0,-0.77
SEO,09/01/2023,15/01/2023 00:00,2023-01,Stake.com,Stake.com,BST-IGA-GLO-YTPAT,0,0,0,0,0,0,0,0
SEO,10/01/2023,15/01/2023 00:00,2023-01,Stake.com,Stake.com,BST-IGA-GLO-YTPAT,0,0,0,0,0,0,0,0
SEO,11/01/2023,15/01/2023 00:00,2023-01,Stake.com,Stake.com,BST-IGA-GLO-YTPAT,0,0,0,0,0,0,0,0
SEO,12/01/2023,15/01/2023 00:00,2023-01,Stake.com,Stake.com,BST-IGA-GLO-YTPAT,0,0,0,0,0,0,0,0
SEO,13/01/2023,15/01/2023 00:00,2023-01,Stake.com,Stake.com,BST-IGA-GLO-YTPAT,0,0,0,0,0,0,0,0
SEO,14/01/2023,15/01/2023 00:00,2023-01,Stake.com,Stake.com,BST-IGA-GLO-YTPAT,0,0,0,0,0,0,0,0
SEO,15/01/2023,15/01/2023 00:00,2023-01,Stake.com,Stake.com,BST-IGA-GLO-YTPAT,0,0,0,0,-9.6,-4.8,0,-4.8
SEO,16/01/2023,22/01/2023 00:00,2023-01,Stake.com,Stake.com,BST-IGA-GLO-YTPAT,0,0,0,0,0,0,0,0
SEO,17/01/2023,22/01/2023 00:00,2023-01,Stake.com,Stake.com,BST-IGA-GLO-YTPAT,0,0,0,0,0,0,0,0
SEO,18/01/2023,22/01/2023 00:00,2023-01,Stake.com,Stake.com,BST-IGA-GLO-YTPAT,0,0,0,0,0,0,0,0
SEO,19/01/2023,22/01/2023 00:00,2023-01,Stake.com,Stake.com,BST-IGA-GLO-YTPAT,0,0,0,0,0,0,0,0
SEO,20/01/2023,22/01/2023 00:00,2023-01,Stake.com,Stake.com,BST-IGA-GLO-YTPAT,0,0,0,0,0,0,0,0
SEO,21/01/2023,22/01/2023 00:00,2023-01,Stake.com,Stake.com,BST-IGA-GLO-YTPAT,0,0,0,0,0,0,0,0
SEO,22/01/2023,22/01/2023 00:00,2023-01,Stake.com,Stake.com,BST-IGA-GLO-YTPAT,0,0,0,4.34,4.34,2.17,0,2.17
SEO,23/01/2023,29/01/2023 00:00,2023-01,Stake.com,Stake.com,BST-IGA-GLO-YTPAT,0,0,0,0,0,0,0,0
SEO,24/01/2023,29/01/2023 00:00,2023-01,Stake.com,Stake.com,BST-IGA-GLO-YTPAT,0,0,0,0,0,0,0,0
SEO,25/01/2023,29/01/2023 00:00,2023-01,Stake.com,Stake.com,BST-IGA-GLO-YTPAT,0,0,0,0,-55.08,-27.54,0,-27.54
SEO,26/01/2023,29/01/2023 00:00,2023-01,Stake.com,Stake.com,BST-IGA-GLO-YTPAT,0,0,0,0,0,0,0,0
SEO,27/01/2023,29/01/2023 00:00,2023-01,Stake.com,Stake.com,BST-IGA-GLO-YTPAT,0,0,0,0,0,0,0,0
SEO,28/01/2023,29/01/2023 00:00,2023-01,Stake.com,Stake.com,BST-IGA-GLO-YTPAT,0,0,0,0,0,0,0,0
SEO,29/01/2023,29/01/2023 00:00,2023-01,Stake.com,Stake.com,BST-IGA-GLO-YTPAT,0,0,0,0,0,0,0,0
SEO,30/01/2023,05/02/2023 00:00,2023-01,Stake.com,Stake.com,BST-IGA-GLO-YTPAT,0,1,0,0.01,0,0,0,0
SEO,31/01/2023,05/02/2023 00:00,2023-01,Stake.com,Stake.com,BST-IGA-GLO-YTPAT,0,0,0,0,0,0,0,0
SEO,01/01/2023,01/01/2023 00:00,2023-01,Stake.com,Stake.com,BST-IGA-GLO-YTPAT-VIP,0,0,0,0,0,0,0,0
SEO,02/01/2023,08/01/2023 00:00,2023-01,Stake.com,Stake.com,BST-IGA-GLO-YTPAT-VIP,0,0,0,0,0,0,0,0
SEO,03/01/2023,08/01/2023 00:00,2023-01,Stake.com,Stake.com,BST-IGA-GLO-YTPAT-VIP,0,0,0,0,0,0,0,0
SEO,04/01/2023,08/01/2023 00:00,2023-01,Stake.com,Stake.com,BST-IGA-GLO-YTPAT-VIP,0,0,0,0,0,0,0,0
SEO,05/01/2023,08/01/2023 00:00,2023-01,Stake.com,Stake.com,BST-IGA-GLO-YTPAT-VIP,0,0,0,0,0,0,0,0
SEO,06/01/2023,08/01/2023 00:00,2023-01,Stake.com,Stake.com,BST-IGA-GLO-YTPAT-VIP,0,0,0,0,0,0,0,0
SEO,07/01/2023,08/01/2023 00:00,2023-01,Stake.com,Stake.com,BST-IGA-GLO-YTPAT-VIP,0,0,0,0,0,0,0,0
SEO,08/01/2023,08/01/2023 00:00,2023-01,Stake.com,Stake.com,BST-IGA-GLO-YTPAT-VIP,0,0,0,0,0,0,0,0
SEO,09/01/2023,15/01/2023 00:00,2023-01,Stake.com,Stake.com,BST-IGA-GLO-YTPAT-VIP,0,0,0,0,0,0,0,0
SEO,10/01/2023,15/01/2023 00:00,2023-01,Stake.com,Stake.com,BST-IGA-GLO-YTPAT-VIP,0,0,0,0,0,0,0,0
SEO,11/01/2023,15/01/2023 00:00,2023-01,Stake.com,Stake.com,BST-IGA-GLO-YTPAT-VIP,0,0,0,0,0,0,0,0
SEO,12/01/2023,15/01/2023 00:00,2023-01,Stake.com,Stake.com,BST-IGA-GLO-YTPAT-VIP,0,0,0,0,0,0,0,0
SEO,13/01/2023,15/01/2023 00:00,2023-01,Stake.com,Stake.com,BST-IGA-GLO-YTPAT-VIP,0,0,0,0,0,0,0,0
SEO,14/01/2023,15/01/2023 00:00,2023-01,Stake.com,Stake.com,BST-IGA-GLO-YTPAT-VIP,0,0,0,0,0,0,0,0
SEO,15/01/2023,15/01/2023 00:00,2023-01,Stake.com,Stake.com,BST-IGA-GLO-YTPAT-VIP,0,0,0,0,0,0,0,0
SEO,16/01/2023,22/01/2023 00:00,2023-01,Stake.com,Stake.com,BST-IGA-GLO-YTPAT-VIP,0,0,0,0,0,0,0,0
SEO,17/01/2023,22/01/2023 00:00,2023-01,Stake.com,Stake.com,BST-IGA-GLO-YTPAT-VIP,0,0,0,0,0,0,0,0
SEO,18/01/2023,22/01/2023 00:00,2023-01,Stake.com,Stake.com,BST-IGA-GLO-YTPAT-VIP,0,0,0,0,0,0,0,0
SEO,19/01/2023,22/01/2023 00:00,2023-01,Stake.com,Stake.com,BST-IGA-GLO-YTPAT-VIP,0,0,0,0,0,0,0,0
SEO,20/01/2023,22/01/2023 00:00,2023-01,Stake.com,Stake.com,BST-IGA-GLO-YTPAT-VIP,0,0,0,0,0,0,0,0
SEO,21/01/2023,22/01/2023 00:00,2023-01,Stake.com,Stake.com,BST-IGA-GLO-YTPAT-VIP,0,0,0,0,0,0,0,0
SEO,22/01/2023,22/01/2023 00:00,2023-01,Stake.com,Stake.com,BST-IGA-GLO-YTPAT-VIP,0,0,0,0,0,0,0,0
SEO,23/01/2023,29/01/2023 00:00,2023-01,Stake.com,Stake.com,BST-IGA-GLO-YTPAT-VIP,0,0,0,0,0,0,0,0
SEO,24/01/2023,29/01/2023 00:00,2023-01,Stake.com,Stake.com,BST-IGA-GLO-YTPAT-VIP,0,0,0,0,0,0,0,0
SEO,25/01/2023,29/01/2023 00:00,2023-01,Stake.com,Stake.com,BST-IGA-GLO-YTPAT-VIP,0,0,0,0,0,0,0,0
SEO,26/01/2023,29/01/2023 00:00,2023-01,Stake.com,Stake.com,BST-IGA-GLO-YTPAT-VIP,0,0,0,0,0,0,0,0
SEO,27/01/2023,29/01/2023 00:00,2023-01,Stake.com,Stake.com,BST-IGA-GLO-YTPAT-VIP,0,0,0,0,0,0,0,0
SEO,28/01/2023,29/01/2023 00:00,2023-01,Stake.com,Stake.com,BST-IGA-GLO-YTPAT-VIP,0,0,0,0,0,0,0,0
SEO,29/01/2023,29/01/2023 00:00,2023-01,Stake.com,Stake.com,BST-IGA-GLO-YTPAT-VIP,0,0,0,0,0,0,0,0
SEO,30/01/2023,05/02/2023 00:00,2023-01,Stake.com,Stake.com,BST-IGA-GLO-YTPAT-VIP,0,0,0,0,0,0,0,0
SEO,31/01/2023,05/02/2023 00:00,2023-01,Stake.com,Stake.com,BST-IGA-GLO-YTPAT-VIP,0,0,0,0,0,0,0,0
SEO,01/01/2023,01/01/2023 00:00,2023-01,Stake.com,Stake.com,BST-SPO-GLO-YTPAT,0,0,0,0,0,0,0,0
SEO,02/01/2023,08/01/2023 00:00,2023-01,Stake.com,Stake.com,BST-SPO-GLO-YTPAT,0,0,0,0,0,0,0,0
SEO,03/01/2023,08/01/2023 00:00,2023-01,Stake.com,Stake.com,BST-SPO-GLO-YTPAT,0,0,0,0,0,0,0,0
SEO,04/01/2023,08/01/2023 00:00,2023-01,Stake.com,Stake.com,BST-SPO-GLO-YTPAT,0,0,0,0,0,0,0,0
SEO,05/01/2023,08/01/2023 00:00,2023-01,Stake.com,Stake.com,BST-SPO-GLO-YTPAT,0,0,0,0,0,0,0,0
SEO,06/01/2023,08/01/2023 00:00,2023-01,Stake.com,Stake.com,BST-SPO-GLO-YTPAT,0,0,0,0,0,0,0,0
SEO,07/01/2023,08/01/2023 00:00,2023-01,Stake.com,Stake.com,BST-SPO-GLO-YTPAT,0,0,0,0,0,0,0,0
SEO,08/01/2023,08/01/2023 00:00,2023-01,Stake.com,Stake.com,BST-SPO-GLO-YTPAT,0,0,0,0,0,0,0,0
SEO,09/01/2023,15/01/2023 00:00,2023-01,Stake.com,Stake.com,BST-SPO-GLO-YTPAT,1,1,0,3.74,3.74,1.87,0,1.87
SEO,10/01/2023,15/01/2023 00:00,2023-01,Stake.com,Stake.com,BST-SPO-GLO-YTPAT,0,0,0,0,0,0,0,0
SEO,11/01/2023,15/01/2023 00:00,2023-01,Stake.com,Stake.com,BST-SPO-GLO-YTPAT,0,0,0,0,0,0,0,0
SEO,12/01/2023,15/01/2023 00:00,2023-01,Stake.com,Stake.com,BST-SPO-GLO-YTPAT,0,0,0,0,0,0,0,0
SEO,13/01/2023,15/01/2023 00:00,2023-01,Stake.com,Stake.com,BST-SPO-GLO-YTPAT,0,0,0,0,0,0,0,0
SEO,14/01/2023,15/01/2023 00:00,2023-01,Stake.com,Stake.com,BST-SPO-GLO-YTPAT,0,0,0,0,0,0,0,0
SEO,15/01/2023,15/01/2023 00:00,2023-01,Stake.com,Stake.com,BST-SPO-GLO-YTPAT,0,0,0,0,-0.05,-0.025,0,-0.025
SEO,16/01/2023,22/01/2023 00:00,2023-01,Stake.com,Stake.com,BST-SPO-GLO-YTPAT,0,0,0,0,-0.05,-0.025,0,-0.025
SEO,17/01/2023,22/01/2023 00:00,2023-01,Stake.com,Stake.com,BST-SPO-GLO-YTPAT,0,0,0,0,0,0,0,0
SEO,18/01/2023,22/01/2023 00:00,2023-01,Stake.com,Stake.com,BST-SPO-GLO-YTPAT,0,0,0,0,0.09,0.045,0,0.045
SEO,19/01/2023,22/01/2023 00:00,2023-01,Stake.com,Stake.com,BST-SPO-GLO-YTPAT,0,0,0,0,0,0,0,0
SEO,20/01/2023,22/01/2023 00:00,2023-01,Stake.com,Stake.com,BST-SPO-GLO-YTPAT,0,0,0,0,0,0,0,0
SEO,21/01/2023,22/01/2023 00:00,2023-01,Stake.com,Stake.com,BST-SPO-GLO-YTPAT,0,0,0,0,0,0,0,0
SEO,22/01/2023,22/01/2023 00:00,2023-01,Stake.com,Stake.com,BST-SPO-GLO-YTPAT,0,0,0,0,0,0,0,0
SEO,23/01/2023,29/01/2023 00:00,2023-01,Stake.com,Stake.com,BST-SPO-GLO-YTPAT,0,0,0,0,0,0,0,0
SEO,24/01/2023,29/01/2023 00:00,2023-01,Stake.com,Stake.com,BST-SPO-GLO-YTPAT,0,0,0,0,0,0,0,0
SEO,25/01/2023,29/01/2023 00:00,2023-01,Stake.com,Stake.com,BST-SPO-GLO-YTPAT,0,0,0,0,0,0,0,0
SEO,26/01/2023,29/01/2023 00:00,2023-01,Stake.com,Stake.com,BST-SPO-GLO-YTPAT,0,0,0,0,0,0,0,0
SEO,27/01/2023,29/01/2023 00:00,2023-01,Stake.com,Stake.com,BST-SPO-GLO-YTPAT,0,0,0,0,0,0,0,0
SEO,28/01/2023,29/01/2023 00:00,2023-01,Stake.com,Stake.com,BST-SPO-GLO-YTPAT,0,0,0,0,0,0,0,0
SEO,29/01/2023,29/01/2023 00:00,2023-01,Stake.com,Stake.com,BST-SPO-GLO-YTPAT,0,0,0,0,0,0,0,0
SEO,30/01/2023,05/02/2023 00:00,2023-01,Stake.com,Stake.com,BST-SPO-GLO-YTPAT,0,0,0,0,0,0,0,0
SEO,31/01/2023,05/02/2023 00:00,2023-01,Stake.com,Stake.com,BST-SPO-GLO-YTPAT,0,0,0,0,0,0,0,0
SEO,01/01/2023,01/01/2023 00:00,2023-01,Stake.com,Stake.com,BTT-CAS-CAN,0,0,0,0,0,0,0,0
SEO,02/01/2023,08/01/2023 00:00,2023-01,Stake.com,Stake.com,BTT-CAS-CAN,0,0,0,0,0,0,0,0
SEO,03/01/2023,08/01/2023 00:00,2023-01,Stake.com,Stake.com,BTT-CAS-CAN,0,0,0,0,0,0,0,0
SEO,04/01/2023,08/01/2023 00:00,2023-01,Stake.com,Stake.com,BTT-CAS-CAN,0,0,0,0,0,0,0,0
SEO,05/01/2023,08/01/2023 00:00,2023-01,Stake.com,Stake.com,BTT-CAS-CAN,0,0,0,0,0,0,0,0
SEO,06/01/2023,08/01/2023 00:00,2023-01,Stake.com,Stake.com,BTT-CAS-CAN,0,0,0,0,0,0,0,0
SEO,07/01/2023,08/01/2023 00:00,2023-01,Stake.com,Stake.com,BTT-CAS-CAN,0,0,0,0,0,0,0,0
SEO,08/01/2023,08/01/2023 00:00,2023-01,Stake.com,Stake.com,BTT-CAS-CAN,0,0,0,0,0,0,0,0
SEO,09/01/2023,15/01/2023 00:00,2023-01,Stake.com,Stake.com,BTT-CAS-CAN,0,0,0,0,0,0,0,0
SEO,10/01/2023,15/01/2023 00:00,2023-01,Stake.com,Stake.com,BTT-CAS-CAN,0,0,0,0,0,0,0,0
SEO,11/01/2023,15/01/2023 00:00,2023-01,Stake.com,Stake.com,BTT-CAS-CAN,0,0,0,0,0,0,0,0
SEO,12/01/2023,15/01/2023 00:00,2023-01,Stake.com,Stake.com,BTT-CAS-CAN,0,0,0,0,0,0,0,0
SEO,13/01/2023,15/01/2023 00:00,2023-01,Stake.com,Stake.com,BTT-CAS-CAN,0,0,0,0,0,0,0,0
SEO,14/01/2023,15/01/2023 00:00,2023-01,Stake.com,Stake.com,BTT-CAS-CAN,0,0,0,0,0,0,0,0
SEO,15/01/2023,15/01/2023 00:00,2023-01,Stake.com,Stake.com,BTT-CAS-CAN,0,0,0,0,0,0,0,0
SEO,16/01/2023,22/01/2023 00:00,2023-01,Stake.com,Stake.com,BTT-CAS-CAN,0,0,0,0,0,0,0,0
SEO,17/01/2023,22/01/2023 00:00,2023-01,Stake.com,Stake.com,BTT-CAS-CAN,0,0,0,0,0,0,0,0
SEO,18/01/2023,22/01/2023 00:00,2023-01,Stake.com,Stake.com,BTT-CAS-CAN,0,0,0,0,0,0,0,0
SEO,19/01/2023,22/01/2023 00:00,2023-01,Stake.com,Stake.com,BTT-CAS-CAN,0,0,0,0,0,0,0,0
SEO,20/01/2023,22/01/2023 00:00,2023-01,Stake.com,Stake.com,BTT-CAS-CAN,0,0,0,0,0,0,0,0
SEO,21/01/2023,22/01/2023 00:00,2023-01,Stake.com,Stake.com,BTT-CAS-CAN,0,0,0,0,0,0,0,0
SEO,22/01/2023,22/01/2023 00:00,2023-01,Stake.com,Stake.com,BTT-CAS-CAN,0,0,0,0,0,0,0,0
SEO,23/01/2023,29/01/2023 00:00,2023-01,Stake.com,Stake.com,BTT-CAS-CAN,0,0,0,0,0,0,0,0
SEO,24/01/2023,29/01/2023 00:00,2023-01,Stake.com,Stake.com,BTT-CAS-CAN,0,0,0,0,0,0,0,0
SEO,25/01/2023,29/01/2023 00:00,2023-01,Stake.com,Stake.com,BTT-CAS-CAN,0,0,0,0,0,0,0,0
SEO,26/01/2023,29/01/2023 00:00,2023-01,Stake.com,Stake.com,BTT-CAS-CAN,0,0,0,0,0,0,0,0
SEO,27/01/2023,29/01/2023 00:00,2023-01,Stake.com,Stake.com,BTT-CAS-CAN,0,0,0,0,0,0,0,0
SEO,28/01/2023,29/01/2023 00:00,2023-01,Stake.com,Stake.com,BTT-CAS-CAN,0,0,0,0,0,0,0,0
SEO,29/01/2023,29/01/2023 00:00,2023-01,Stake.com,Stake.com,BTT-CAS-CAN,0,0,0,0,0,0,0,0
SEO,30/01/2023,05/02/2023 00:00,2023-01,Stake.com,Stake.com,BTT-CAS-CAN,0,0,0,0,0,0,0,0
SEO,31/01/2023,05/02/2023 00:00,2023-01,Stake.com,Stake.com,BTT-CAS-CAN,0,0,0,0,0,0,0,0
SEO,01/01/2023,01/01/2023 00:00,2023-01,Stake.com,Stake.com,BTT-CAS-CAN-PROMO,0,0,0,0,0,0,0,0
SEO,02/01/2023,08/01/2023 00:00,2023-01,Stake.com,Stake.com,BTT-CAS-CAN-PROMO,0,0,0,0,0,0,0,0
SEO,03/01/2023,08/01/2023 00:00,2023-01,Stake.com,Stake.com,BTT-CAS-CAN-PROMO,0,0,0,0,0,0,0,0
SEO,04/01/2023,08/01/2023 00:00,2023-01,Stake.com,Stake.com,BTT-CAS-CAN-PROMO,0,0,0,0,0,0,0,0
SEO,05/01/2023,08/01/2023 00:00,2023-01,Stake.com,Stake.com,BTT-CAS-CAN-PROMO,0,0,0,0,0,0,0,0
SEO,06/01/2023,08/01/2023 00:00,2023-01,Stake.com,Stake.com,BTT-CAS-CAN-PROMO,0,0,0,0,0,0,0,0
SEO,07/01/2023,08/01/2023 00:00,2023-01,Stake.com,Stake.com,BTT-CAS-CAN-PROMO,0,0,0,0,0,0,0,0
SEO,08/01/2023,08/01/2023 00:00,2023-01,Stake.com,Stake.com,BTT-CAS-CAN-PROMO,0,0,0,0,0,0,0,0
SEO,09/01/2023,15/01/2023 00:00,2023-01,Stake.com,Stake.com,BTT-CAS-CAN-PROMO,0,0,0,0,0,0,0,0
SEO,10/01/2023,15/01/2023 00:00,2023-01,Stake.com,Stake.com,BTT-CAS-CAN-PROMO,0,0,0,0,0,0,0,0
SEO,11/01/2023,15/01/2023 00:00,2023-01,Stake.com,Stake.com,BTT-CAS-CAN-PROMO,0,0,0,0,0,0,0,0
SEO,12/01/2023,15/01/2023 00:00,2023-01,Stake.com,Stake.com,BTT-CAS-CAN-PROMO,0,0,0,0,0,0,0,0
SEO,13/01/2023,15/01/2023 00:00,2023-01,Stake.com,Stake.com,BTT-CAS-CAN-PROMO,0,0,0,0,0,0,0,0
SEO,14/01/2023,15/01/2023 00:00,2023-01,Stake.com,Stake.com,BTT-CAS-CAN-PROMO,0,0,0,0,0,0,0,0
SEO,15/01/2023,15/01/2023 00:00,2023-01,Stake.com,Stake.com,BTT-CAS-CAN-PROMO,0,0,0,0,0,0,0,0
SEO,16/01/2023,22/01/2023 00:00,2023-01,Stake.com,Stake.com,BTT-CAS-CAN-PROMO,0,0,0,0,0,0,0,0
SEO,17/01/2023,22/01/2023 00:00,2023-01,Stake.com,Stake.com,BTT-CAS-CAN-PROMO,1,0,0,0,0,0,0,0
SEO,18/01/2023,22/01/2023 00:00,2023-01,Stake.com,Stake.com,BTT-CAS-CAN-PROMO,0,0,0,0,0,0,0,0
SEO,19/01/2023,22/01/2023 00:00,2023-01,Stake.com,Stake.com,BTT-CAS-CAN-PROMO,0,0,0,0,0,0,0,0
SEO,20/01/2023,22/01/2023 00:00,2023-01,Stake.com,Stake.com,BTT-CAS-CAN-PROMO,0,0,0,0,0,0,0,0
SEO,21/01/2023,22/01/2023 00:00,2023-01,Stake.com,Stake.com,BTT-CAS-CAN-PROMO,0,0,0,0,0,0,0,0
SEO,22/01/2023,22/01/2023 00:00,2023-01,Stake.com,Stake.com,BTT-CAS-CAN-PROMO,0,0,0,0,0,0,0,0
SEO,23/01/2023,29/01/2023 00:00,2023-01,Stake.com,Stake.com,BTT-CAS-CAN-PROMO,0,0,0,0,0,0,0,0
SEO,24/01/2023,29/01/2023 00:00,2023-01,Stake.com,Stake.com,BTT-CAS-CAN-PROMO,0,0,0,0,0,0,0,0
SEO,25/01/2023,29/01/2023 00:00,2023-01,Stake.com,Stake.com,BTT-CAS-CAN-PROMO,0,0,0,0,0,0,0,0
SEO,26/01/2023,29/01/2023 00:00,2023-01,Stake.com,Stake.com,BTT-CAS-CAN-PROMO,0,0,0,0,0,0,0,0
SEO,27/01/2023,29/01/2023 00:00,2023-01,Stake.com,Stake.com,BTT-CAS-CAN-PROMO,0,0,0,0,0,0,0,0
SEO,28/01/2023,29/01/2023 00:00,2023-01,Stake.com,Stake.com,BTT-CAS-CAN-PROMO,0,0,0,0,0,0,0,0
SEO,29/01/2023,29/01/2023 00:00,2023-01,Stake.com,Stake.com,BTT-CAS-CAN-PROMO,0,0,0,0,0,0,0,0
SEO,30/01/2023,05/02/2023 00:00,2023-01,Stake.com,Stake.com,BTT-CAS-CAN-PROMO,0,0,0,0,0,0,0,0
SEO,31/01/2023,05/02/2023 00:00,2023-01,Stake.com,Stake.com,BTT-CAS-CAN-PROMO,0,0,0,0,0,0,0,0
SEO,01/01/2023,01/01/2023 00:00,2023-01,Stake.com,Stake.com,BTT-IGA-GLO-YTINT,0,0,0,0,1.28,0.64,0,0.64
SEO,02/01/2023,08/01/2023 00:00,2023-01,Stake.com,Stake.com,BTT-IGA-GLO-YTINT,0,0,0,0,-28.23,-14.115,0,-14.115
SEO,03/01/2023,08/01/2023 00:00,2023-01,Stake.com,Stake.com,BTT-IGA-GLO-YTINT,0,0,0,0,79.71,39.855,0,39.855
SEO,04/01/2023,08/01/2023 00:00,2023-01,Stake.com,Stake.com,BTT-IGA-GLO-YTINT,0,0,0,0,1.17,0.585,0,0.585
SEO,05/01/2023,08/01/2023 00:00,2023-01,Stake.com,Stake.com,BTT-IGA-GLO-YTINT,0,0,0,0,0,0,0,0
SEO,06/01/2023,08/01/2023 00:00,2023-01,Stake.com,Stake.com,BTT-IGA-GLO-YTINT,0,0,0,24.57,-77.41,-38.705,0,-38.705
SEO,07/01/2023,08/01/2023 00:00,2023-01,Stake.com,Stake.com,BTT-IGA-GLO-YTINT,0,0,0,0,49.74,24.87,0,24.87
SEO,08/01/2023,08/01/2023 00:00,2023-01,Stake.com,Stake.com,BTT-IGA-GLO-YTINT,0,0,0,0,0,0,0,0
SEO,09/01/2023,15/01/2023 00:00,2023-01,Stake.com,Stake.com,BTT-IGA-GLO-YTINT,0,0,0,0,0,0,0,0
SEO,10/01/2023,15/01/2023 00:00,2023-01,Stake.com,Stake.com,BTT-IGA-GLO-YTINT,0,0,0,0,0,0,0,0
SEO,11/01/2023,15/01/2023 00:00,2023-01,Stake.com,Stake.com,BTT-IGA-GLO-YTINT,0,0,0,0,0,0,0,0
SEO,12/01/2023,15/01/2023 00:00,2023-01,Stake.com,Stake.com,BTT-IGA-GLO-YTINT,0,0,0,0,0,0,0,0
SEO,13/01/2023,15/01/2023 00:00,2023-01,Stake.com,Stake.com,BTT-IGA-GLO-YTINT,0,0,0,4.58,4.85,2.425,0,2.425
SEO,14/01/2023,15/01/2023 00:00,2023-01,Stake.com,Stake.com,BTT-IGA-GLO-YTINT,0,0,0,0,0,0,0,0
SEO,15/01/2023,15/01/2023 00:00,2023-01,Stake.com,Stake.com,BTT-IGA-GLO-YTINT,0,0,0,0,-31,-15.5,0,-15.5
SEO,16/01/2023,22/01/2023 00:00,2023-01,Stake.com,Stake.com,BTT-IGA-GLO-YTINT,0,0,0,0,31.09,15.545,0,15.545
SEO,17/01/2023,22/01/2023 00:00,2023-01,Stake.com,Stake.com,BTT-IGA-GLO-YTINT,0,0,0,0,0,0,0,0
SEO,18/01/2023,22/01/2023 00:00,2023-01,Stake.com,Stake.com,BTT-IGA-GLO-YTINT,0,0,0,0,0,0,0,0
SEO,19/01/2023,22/01/2023 00:00,2023-01,Stake.com,Stake.com,BTT-IGA-GLO-YTINT,0,0,0,0,0,0,0,0
SEO,20/01/2023,22/01/2023 00:00,2023-01,Stake.com,Stake.com,BTT-IGA-GLO-YTINT,0,0,0,0,0,0,0,0
SEO,21/01/2023,22/01/2023 00:00,2023-01,Stake.com,Stake.com,BTT-IGA-GLO-YTINT,0,0,0,0,0,0,0,0
SEO,22/01/2023,22/01/2023 00:00,2023-01,Stake.com,Stake.com,BTT-IGA-GLO-YTINT,0,0,0,0,0,0,0,0
SEO,23/01/2023,29/01/2023 00:00,2023-01,Stake.com,Stake.com,BTT-IGA-GLO-YTINT,0,0,0,0,0,0,0,0
SEO,24/01/2023,29/01/2023 00:00,2023-01,Stake.com,Stake.com,BTT-IGA-GLO-YTINT,0,0,0,0,0,0,0,0
SEO,25/01/2023,29/01/2023 00:00,2023-01,Stake.com,Stake.com,BTT-IGA-GLO-YTINT,0,0,0,0,0,0,0,0
SEO,26/01/2023,29/01/2023 00:00,2023-01,Stake.com,Stake.com,BTT-IGA-GLO-YTINT,0,0,0,0,0,0,0,0
SEO,27/01/2023,29/01/2023 00:00,2023-01,Stake.com,Stake.com,BTT-IGA-GLO-YTINT,0,0,0,0,-0.02,-0.01,0,-0.01
SEO,28/01/2023,29/01/2023 00:00,2023-01,Stake.com,Stake.com,BTT-IGA-GLO-YTINT,0,0,0,20.32,3.89,1.945,0,1.945
SEO,29/01/2023,29/01/2023 00:00,2023-01,Stake.com,Stake.com,BTT-IGA-GLO-YTINT,0,0,0,0,-53.59,-26.795,0,-26.795
SEO,30/01/2023,05/02/2023 00:00,2023-01,Stake.com,Stake.com,BTT-IGA-GLO-YTINT,0,0,0,0,68.92,34.46,0,34.46
SEO,31/01/2023,05/02/2023 00:00,2023-01,Stake.com,Stake.com,BTT-IGA-GLO-YTINT,0,0,0,0,0,0,0,0
SEO,01/01/2023,01/01/2023 00:00,2023-01,Stake.com,Stake.com,C13-IGA-GLO,0,0,0,0,0,0,0,0
SEO,02/01/2023,08/01/2023 00:00,2023-01,Stake.com,Stake.com,C13-IGA-GLO,0,0,0,0,0,0,0,0
SEO,03/01/2023,08/01/2023 00:00,2023-01,Stake.com,Stake.com,C13-IGA-GLO,0,0,0,0,0,0,0,0
SEO,04/01/2023,08/01/2023 00:00,2023-01,Stake.com,Stake.com,C13-IGA-GLO,0,0,0,0,0,0,0,0
SEO,05/01/2023,08/01/2023 00:00,2023-01,Stake.com,Stake.com,C13-IGA-GLO,0,0,0,0,0,0,0,0
SEO,06/01/2023,08/01/2023 00:00,2023-01,Stake.com,Stake.com,C13-IGA-GLO,0,0,0,0,0,0,0,0
SEO,07/01/2023,08/01/2023 00:00,2023-01,Stake.com,Stake.com,C13-IGA-GLO,0,0,0,0,0,0,0,0
SEO,08/01/2023,08/01/2023 00:00,2023-01,Stake.com,Stake.com,C13-IGA-GLO,0,0,0,0,0,0,0,0
SEO,09/01/2023,15/01/2023 00:00,2023-01,Stake.com,Stake.com,C13-IGA-GLO,0,0,0,0,0,0,0,0
SEO,10/01/2023,15/01/2023 00:00,2023-01,Stake.com,Stake.com,C13-IGA-GLO,0,0,0,0,0,0,0,0
SEO,11/01/2023,15/01/2023 00:00,2023-01,Stake.com,Stake.com,C13-IGA-GLO,0,0,0,0,0,0,0,0
SEO,12/01/2023,15/01/2023 00:00,2023-01,Stake.com,Stake.com,C13-IGA-GLO,0,0,0,0,0,0,0,0
SEO,13/01/2023,15/01/2023 00:00,2023-01,Stake.com,Stake.com,C13-IGA-GLO,0,0,0,0,0,0,0,0
SEO,14/01/2023,15/01/2023 00:00,2023-01,Stake.com,Stake.com,C13-IGA-GLO,0,0,0,0,0,0,0,0
SEO,15/01/2023,15/01/2023 00:00,2023-01,Stake.com,Stake.com,C13-IGA-GLO,0,0,0,0,0,0,0,0
SEO,16/01/2023,22/01/2023 00:00,2023-01,Stake.com,Stake.com,C13-IGA-GLO,0,0,0,0,0,0,0,0
SEO,17/01/2023,22/01/2023 00:00,2023-01,Stake.com,Stake.com,C13-IGA-GLO,0,0,0,0,0,0,0,0
SEO,18/01/2023,22/01/2023 00:00,2023-01,Stake.com,Stake.com,C13-IGA-GLO,0,0,0,0,0,0,0,0
SEO,19/01/2023,22/01/2023 00:00,2023-01,Stake.com,Stake.com,C13-IGA-GLO,0,0,0,0,0,0,0,0
SEO,20/01/2023,22/01/2023 00:00,2023-01,Stake.com,Stake.com,C13-IGA-GLO,0,0,0,0,0,0,0,0
SEO,21/01/2023,22/01/2023 00:00,2023-01,Stake.com,Stake.com,C13-IGA-GLO,0,0,0,0,0,0,0,0
SEO,22/01/2023,22/01/2023 00:00,2023-01,Stake.com,Stake.com,C13-IGA-GLO,0,0,0,0,0,0,0,0
SEO,23/01/2023,29/01/2023 00:00,2023-01,Stake.com,Stake.com,C13-IGA-GLO,0,0,0,0,0,0,0,0
SEO,24/01/2023,29/01/2023 00:00,2023-01,Stake.com,Stake.com,C13-IGA-GLO,0,0,0,0,0,0,0,0
SEO,25/01/2023,29/01/2023 00:00,2023-01,Stake.com,Stake.com,C13-IGA-GLO,0,0,0,0,0,0,0,0
SEO,26/01/2023,29/01/2023 00:00,2023-01,Stake.com,Stake.com,C13-IGA-GLO,0,0,0,0,0,0,0,0
SEO,27/01/2023,29/01/2023 00:00,2023-01,Stake.com,Stake.com,C13-IGA-GLO,0,0,0,0,0,0,0,0
SEO,28/01/2023,29/01/2023 00:00,2023-01,Stake.com,Stake.com,C13-IGA-GLO,0,0,0,0,0,0,0,0
SEO,29/01/2023,29/01/2023 00:00,2023-01,Stake.com,Stake.com,C13-IGA-GLO,0,0,0,0,0,0,0,0
SEO,30/01/2023,05/02/2023 00:00,2023-01,Stake.com,Stake.com,C13-IGA-GLO,0,0,0,0,0,0,0,0
SEO,31/01/2023,05/02/2023 00:00,2023-01,Stake.com,Stake.com,C13-IGA-GLO,0,0,0,0,0,0,0,0
